<?xml version="1.0" encoding="UTF-8"?>
<export version="E">
  <design>
    <source>C:\Users\apatt\Desktop\Self-Study\_KiCAD Projects\Getting_To_Blinky_5.0\GettingToBlink5.0\GettingToBlink5.0.kicad_sch</source>
    <date>9/2/2022 5:07:23 PM</date>
    <tool>Eeschema (6.0.7)</tool>
    <sheet number="1" name="/" tstamps="/">
      <title_block>
        <title/>
        <company/>
        <rev/>
        <date/>
        <source>GettingToBlink5.0.kicad_sch</source>
        <comment number="1" value=""/>
        <comment number="2" value=""/>
        <comment number="3" value=""/>
        <comment number="4" value=""/>
        <comment number="5" value=""/>
        <comment number="6" value=""/>
        <comment number="7" value=""/>
        <comment number="8" value=""/>
        <comment number="9" value=""/>
      </title_block>
    </sheet>
  </design>
  <components>
    <comp ref="BT1">
      <value>CR2032</value>
      <footprint>GettingToBlink5:S8211-46R</footprint>
      <libsource lib="Device" part="Battery_Cell" description="Single-cell battery"/>
      <property name="Sheetname" value=""/>
      <property name="Sheetfile" value="GettingToBlink5.0.kicad_sch"/>
      <sheetpath names="/" tstamps="/"/>
      <tstamps>783f405f-e271-49ac-b1fa-a611f67a5459</tstamps>
    </comp>
    <comp ref="C1">
      <value>1U</value>
      <footprint>Capacitor_SMD:C_0805_2012Metric_Pad1.18x1.45mm_HandSolder</footprint>
      <libsource lib="pspice" part="C" description="Capacitor symbol for simulation only"/>
      <property name="Sheetname" value=""/>
      <property name="Sheetfile" value="GettingToBlink5.0.kicad_sch"/>
      <sheetpath names="/" tstamps="/"/>
      <tstamps>abd66185-00fb-4421-83a6-0cb4fb33631d</tstamps>
    </comp>
    <comp ref="D1">
      <value>LED</value>
      <footprint>LED_SMD:LED_0805_2012Metric_Pad1.15x1.40mm_HandSolder</footprint>
      <libsource lib="Device" part="LED" description="Light emitting diode"/>
      <property name="Sheetname" value=""/>
      <property name="Sheetfile" value="GettingToBlink5.0.kicad_sch"/>
      <sheetpath names="/" tstamps="/"/>
      <tstamps>69cc0c64-c6d8-4e83-89d6-e030dc5ec7fc</tstamps>
    </comp>
    <comp ref="R1">
      <value>1K</value>
      <footprint>Resistor_SMD:R_0805_2012Metric_Pad1.20x1.40mm_HandSolder</footprint>
      <libsource lib="Device" part="R" description="Resistor"/>
      <property name="Sheetname" value=""/>
      <property name="Sheetfile" value="GettingToBlink5.0.kicad_sch"/>
      <sheetpath names="/" tstamps="/"/>
      <tstamps>53d42718-bd9a-42fc-8666-36e27f8e48ff</tstamps>
    </comp>
    <comp ref="R2">
      <value>470K</value>
      <footprint>Resistor_SMD:R_0805_2012Metric_Pad1.20x1.40mm_HandSolder</footprint>
      <libsource lib="Device" part="R" description="Resistor"/>
      <property name="Sheetname" value=""/>
      <property name="Sheetfile" value="GettingToBlink5.0.kicad_sch"/>
      <sheetpath names="/" tstamps="/"/>
      <tstamps>63121c95-14b5-4c7d-85c8-a2a93c53d96a</tstamps>
    </comp>
    <comp ref="R3">
      <value>1K</value>
      <footprint>Resistor_SMD:R_0805_2012Metric_Pad1.20x1.40mm_HandSolder</footprint>
      <libsource lib="Device" part="R" description="Resistor"/>
      <property name="Sheetname" value=""/>
      <property name="Sheetfile" value="GettingToBlink5.0.kicad_sch"/>
      <sheetpath names="/" tstamps="/"/>
      <tstamps>33e1c432-0258-4b6d-8b47-1b65b497d934</tstamps>
    </comp>
    <comp ref="U1">
      <value>7555</value>
      <footprint>Package_SO:SOIC-8_3.9x4.9mm_P1.27mm</footprint>
      <libsource lib="GTB5" part="7555" description=""/>
      <property name="Sheetname" value=""/>
      <property name="Sheetfile" value="GettingToBlink5.0.kicad_sch"/>
      <sheetpath names="/" tstamps="/"/>
      <tstamps>f4fff82c-4ba0-467e-b233-41db593a2362</tstamps>
    </comp>
  </components>
  <libparts>
    <libpart lib="Device" part="Battery_Cell">
      <description>Single-cell battery</description>
      <docs>~</docs>
      <fields>
        <field name="Reference">BT</field>
        <field name="Value">Battery_Cell</field>
        <field name="Datasheet">~</field>
      </fields>
      <pins>
        <pin num="1" name="+" type="passive"/>
        <pin num="2" name="-" type="passive"/>
      </pins>
    </libpart>
    <libpart lib="Device" part="LED">
      <description>Light emitting diode</description>
      <docs>~</docs>
      <footprints>
        <fp>LED*</fp>
        <fp>LED_SMD:*</fp>
        <fp>LED_THT:*</fp>
      </footprints>
      <fields>
        <field name="Reference">D</field>
        <field name="Value">LED</field>
        <field name="Datasheet">~</field>
      </fields>
      <pins>
        <pin num="1" name="K" type="passive"/>
        <pin num="2" name="A" type="passive"/>
      </pins>
    </libpart>
    <libpart lib="Device" part="R">
      <description>Resistor</description>
      <docs>~</docs>
      <footprints>
        <fp>R_*</fp>
      </footprints>
      <fields>
        <field name="Reference">R</field>
        <field name="Value">R</field>
        <field name="Datasheet">~</field>
      </fields>
      <pins>
        <pin num="1" name="" type="passive"/>
        <pin num="2" name="" type="passive"/>
      </pins>
    </libpart>
    <libpart lib="GTB5" part="7555">
      <fields>
        <field name="Reference">U</field>
        <field name="Value">7555</field>
      </fields>
      <pins>
        <pin num="1" name="GND" type="power_in"/>
        <pin num="2" name="~{TRIG}" type="input"/>
        <pin num="3" name="OUT" type="output"/>
        <pin num="4" name="~{RST}" type="input"/>
        <pin num="5" name="CTRL" type="input"/>
        <pin num="6" name="THR" type="input"/>
        <pin num="7" name="DIS" type="input"/>
        <pin num="8" name="VDD" type="power_in"/>
      </pins>
    </libpart>
    <libpart lib="pspice" part="C">
      <description>Capacitor symbol for simulation only</description>
      <docs>~</docs>
      <fields>
        <field name="Reference">C</field>
        <field name="Value">C</field>
        <field name="Datasheet">~</field>
      </fields>
      <pins>
        <pin num="1" name="" type="passive"/>
        <pin num="2" name="" type="passive"/>
      </pins>
    </libpart>
  </libparts>
  <libraries>
    <library logical="Device">
      <uri>C:\Program Files\KiCad\6.0\share\kicad\symbols\/Device.kicad_sym</uri>
    </library>
    <library logical="GTB5">
      <uri>C:\Users\apatt\Desktop\Self-Study\_KiCAD Projects\Getting_To_Blinky_5.0\GettingToBlink5.0/GTB5.kicad_sym</uri>
    </library>
    <library logical="pspice">
      <uri>C:\Program Files\KiCad\6.0\share\kicad\symbols\/pspice.kicad_sym</uri>
    </library>
  </libraries>
  <nets>
    <net code="1" name="/DIS">
      <node ref="R1" pin="2" pintype="passive"/>
      <node ref="R2" pin="1" pintype="passive"/>
      <node ref="U1" pin="7" pinfunction="DIS" pintype="input"/>
    </net>
    <net code="2" name="/OUT">
      <node ref="R3" pin="1" pintype="passive"/>
      <node ref="U1" pin="3" pinfunction="OUT" pintype="output"/>
    </net>
    <net code="3" name="/THR">
      <node ref="C1" pin="1" pintype="passive"/>
      <node ref="R2" pin="2" pintype="passive"/>
      <node ref="U1" pin="2" pinfunction="~{TRIG}" pintype="input"/>
      <node ref="U1" pin="6" pinfunction="THR" pintype="input"/>
    </net>
    <net code="4" name="/VDD">
      <node ref="BT1" pin="1" pinfunction="+" pintype="passive"/>
      <node ref="R1" pin="1" pintype="passive"/>
      <node ref="U1" pin="4" pinfunction="~{RST}" pintype="input"/>
      <node ref="U1" pin="8" pinfunction="VDD" pintype="power_in"/>
    </net>
    <net code="5" name="GND">
      <node ref="BT1" pin="2" pinfunction="-" pintype="passive"/>
      <node ref="C1" pin="2" pintype="passive"/>
      <node ref="D1" pin="1" pinfunction="K" pintype="passive"/>
      <node ref="U1" pin="1" pinfunction="GND" pintype="power_in"/>
    </net>
    <net code="6" name="Net-(D1-Pad2)">
      <node ref="D1" pin="2" pinfunction="A" pintype="passive"/>
      <node ref="R3" pin="2" pintype="passive"/>
    </net>
    <net code="7" name="unconnected-(U1-Pad5)">
      <node ref="U1" pin="5" pinfunction="CTRL" pintype="input+no_connect"/>
    </net>
  </nets>
</export>
